name,material_ids,image_ids,detail_id,package_id,name,last,username,password,sex,email,city,state,zip,created_at,updated_at
Refined Steel Pizza,[undefined],[https://grubini-images.s3.amazonaws.com/pic19.jpeg,https://grubini-images.s3.amazonaws.com/pic24.jpg,https://grubini-images.s3.amazonaws.com/pic19.jpeg,https://grubini-images.s3.amazonaws.com/pic24.jpg,https://grubini-images.s3.amazonaws.com/pic11.jpg],Corine,non nisi amet|dolorum nemo odit|quis quas quam,Granite,Ergonomic executive chair upholstered in bonded black leather and PVC padded seat and back for all-day comfort and support,Ergonomic executive chair upholstered in bonded black leather and PVC padded seat and back for all-day comfort and support,3749x69795x12459,91473,Conner,Hodkiewicz,Shanny_Quigley,hRojYxQtmi0Rhls,M,Euna.Bahringer40@yahoo.com,Annabelland,Montana,13947,1607240189723,1607240189723
Refined Frozen Salad,[undefined],[https://grubini-images.s3.amazonaws.com/pic19.jpeg,https://grubini-images.s3.amazonaws.com/pic24.jpg,https://grubini-images.s3.amazonaws.com/pic10.jpg,https://grubini-images.s3.amazonaws.com/pic12.jpg,https://grubini-images.s3.amazonaws.com/pic19.jpeg],Phoebe,consequatur error et|veniam similique voluptatem|ducimus non amet,Fresh,The beautiful range of Apple Naturalé that has an exciting mix of natural ingredients. With the Goodness of 100% Natural Ingredients,The beautiful range of Apple Naturalé that has an exciting mix of natural ingredients. With the Goodness of 100% Natural Ingredients,52104x84574x68072,86443,Ben,Wilkinson,Justina_Goodwin48,ZTrTIsOyCW1nslO,M,Claud83@yahoo.com,East Bernitaside,Massachusetts,07882,1607240189723,1607240189723
Awesome Fresh Salad,[undefined],[https://grubini-images.s3.amazonaws.com/pic17.jpg,https://grubini-images.s3.amazonaws.com/pic22.jpg,https://grubini-images.s3.amazonaws.com/pic6.jpeg,https://grubini-images.s3.amazonaws.com/pic8.jpg,https://grubini-images.s3.amazonaws.com/pic3.jpg],Freeman,quam impedit error|pariatur rem nesciunt|enim nesciunt maxime,Soft,The beautiful range of Apple Naturalé that has an exciting mix of natural ingredients. With the Goodness of 100% Natural Ingredients,The beautiful range of Apple Naturalé that has an exciting mix of natural ingredients. With the Goodness of 100% Natural Ingredients,56191x77174x75325,89525,Caroline,Conroy,Justyn28,horqoOmlt6bawP9,M,Freda73@yahoo.com,West Jeramieshire,Oregon,82668-2558,1607240189723,1607240189723
Gorgeous Plastic Shoes,[undefined],[https://grubini-images.s3.amazonaws.com/pic8.jpg,https://grubini-images.s3.amazonaws.com/pic8.jpg,https://grubini-images.s3.amazonaws.com/pic15.jpeg,https://grubini-images.s3.amazonaws.com/pic20.jpg,https://grubini-images.s3.amazonaws.com/pic1.jpeg],Norberto,cumque dolores quo|dicta rem corporis|tempora eius iure,Cotton,The Apollotech B340 is an affordable wireless mouse with reliable connectivity, 12 months battery life and modern design,The Apollotech B340 is an affordable wireless mouse with reliable connectivity, 12 months battery life and modern design,60555x58299x75587,47801,Phyllis,Rutherford,Monserrat8,_oEhlP9OcQUHqJm,M,Jadyn.Jacobs@hotmail.com,North Lamontbury,Oklahoma,28544,1607240189723,1607240189723
Intelligent Cotton Towels,[undefined],[https://grubini-images.s3.amazonaws.com/pic4.png,https://grubini-images.s3.amazonaws.com/pic6.jpeg,https://grubini-images.s3.amazonaws.com/pic12.jpg,https://grubini-images.s3.amazonaws.com/pic19.jpeg,https://grubini-images.s3.amazonaws.com/pic12.jpg],Zachariah,voluptatibus nihil deleniti|aliquid officiis occaecati|odio temporibus ut,Wooden,The Apollotech B340 is an affordable wireless mouse with reliable connectivity, 12 months battery life and modern design,The Apollotech B340 is an affordable wireless mouse with reliable connectivity, 12 months battery life and modern design,28982x50972x96581,13889,Aliyah,Heller,Laverne.Raynor,0SsudoUS7OvxPoA,M,Ted76@yahoo.com,Mullerfort,Nebraska,46365,1607240189724,1607240189724
Generic Plastic Shirt,[undefined],[https://grubini-images.s3.amazonaws.com/pic5.jpeg,https://grubini-images.s3.amazonaws.com/pic15.jpeg,https://grubini-images.s3.amazonaws.com/pic7.jpg,https://grubini-images.s3.amazonaws.com/pic2.jpeg,https://grubini-images.s3.amazonaws.com/pic8.jpg],Isidro,quaerat libero omnis|quae placeat aperiam|aspernatur laborum tempore,Frozen,New range of formal shirts are designed keeping you in mind. With fits and styling that will make you stand apart,New range of formal shirts are designed keeping you in mind. With fits and styling that will make you stand apart,93096x94064x68122,37638,Mia,Jenkins,Emilie.Waters,EMJ8cmWru7LxDVy,M,Jayden35@yahoo.com,Theresachester,Hawaii,20045-6062,1607240189724,1607240189724
Fantastic Wooden Towels,[undefined],[https://grubini-images.s3.amazonaws.com/pic14.jpeg,https://grubini-images.s3.amazonaws.com/pic10.jpg,https://grubini-images.s3.amazonaws.com/pic18.jpg,https://grubini-images.s3.amazonaws.com/pic5.jpeg,https://grubini-images.s3.amazonaws.com/pic9.jpeg],Rowland,fugit ipsam earum|itaque eum impedit|ea tempora fuga,Wooden,The Apollotech B340 is an affordable wireless mouse with reliable connectivity, 12 months battery life and modern design,The Apollotech B340 is an affordable wireless mouse with reliable connectivity, 12 months battery life and modern design,98897x57784x83439,17823,Hal,Brown,Stefanie91,yc3tbKnLUgOlSAM,M,Terrill49@hotmail.com,Prohaskaburgh,Alaska,57850-4312,1607240189724,1607240189724
Unbranded Cotton Computer,[undefined],[https://grubini-images.s3.amazonaws.com/pic24.jpg,https://grubini-images.s3.amazonaws.com/pic1.jpeg,https://grubini-images.s3.amazonaws.com/pic22.jpg,https://grubini-images.s3.amazonaws.com/pic19.jpeg,https://grubini-images.s3.amazonaws.com/pic15.jpeg],Skye,aperiam ipsum ratione|earum accusantium saepe|qui accusamus culpa,Concrete,The automobile layout consists of a front-engine design, with transaxle-type transmissions mounted at the rear of the engine and four wheel drive,The automobile layout consists of a front-engine design, with transaxle-type transmissions mounted at the rear of the engine and four wheel drive,81682x4114x78939,57818,Kaitlyn,Stamm,Arne.Runolfsdottir,WutkOFrRAYPd_8l,M,Marlene.Schumm@hotmail.com,West Jonathonview,Illinois,28459,1607240189724,1607240189724
Tasty Cotton Table,[undefined],[https://grubini-images.s3.amazonaws.com/pic15.jpeg,https://grubini-images.s3.amazonaws.com/pic24.jpg,https://grubini-images.s3.amazonaws.com/pic3.jpg,https://grubini-images.s3.amazonaws.com/pic2.jpeg,https://grubini-images.s3.amazonaws.com/pic10.jpg],Jolie,voluptas consequuntur rerum|aut quas aut|aut facilis eum,Granite,The beautiful range of Apple Naturalé that has an exciting mix of natural ingredients. With the Goodness of 100% Natural Ingredients,The beautiful range of Apple Naturalé that has an exciting mix of natural ingredients. With the Goodness of 100% Natural Ingredients,61085x75942x10227,78219,Holden,Daugherty,Keyon.Will95,J7ChdPqVZxx0TLT,M,Ubaldo.Graham@hotmail.com,West Annabell,Louisiana,41598-5683,1607240189724,1607240189724
Ergonomic Frozen Pants,[undefined],[https://grubini-images.s3.amazonaws.com/pic24.jpg,https://grubini-images.s3.amazonaws.com/pic2.jpeg,https://grubini-images.s3.amazonaws.com/pic7.jpg,https://grubini-images.s3.amazonaws.com/pic11.jpg,https://grubini-images.s3.amazonaws.com/pic13.jpg],Millie,quibusdam consequatur dolor|et quam reiciendis|reprehenderit quam officiis,Wooden,The slim & simple Maple Gaming Keyboard from Dev Byte comes with a sleek body and 7- Color RGB LED Back-lighting for smart functionality,The slim & simple Maple Gaming Keyboard from Dev Byte comes with a sleek body and 7- Color RGB LED Back-lighting for smart functionality,67767x74609x58672,78823,Nicholas,Rodriguez,Victor.Stroman,YOReXBFHSyfAYoc,M,Margret20@gmail.com,Schaeferton,Alabama,84980-9723,1607240189725,1607240189725
Incredible Rubber Salad,[undefined],[https://grubini-images.s3.amazonaws.com/pic11.jpg,https://grubini-images.s3.amazonaws.com/pic5.jpeg,https://grubini-images.s3.amazonaws.com/pic16.jpg,https://grubini-images.s3.amazonaws.com/pic7.jpg,https://grubini-images.s3.amazonaws.com/pic14.jpeg],Carolanne,omnis autem et|eum aut ut|voluptatem qui quam,Granite,Carbonite web goalkeeper gloves are ergonomically designed to give easy fit,Carbonite web goalkeeper gloves are ergonomically designed to give easy fit,80118x88076x19838,55838,Aliza,Sanford,Letitia36,yEUAvevJN9hrPch,M,Elmira_Kris@yahoo.com,North Derrick,Washington,67772,1607240189725,1607240189725
Intelligent Wooden Pants,[undefined],[https://grubini-images.s3.amazonaws.com/pic20.jpg,https://grubini-images.s3.amazonaws.com/pic1.jpeg,https://grubini-images.s3.amazonaws.com/pic14.jpeg,https://grubini-images.s3.amazonaws.com/pic23.jpg,https://grubini-images.s3.amazonaws.com/pic18.jpg],Freddie,enim quos quis|sit dicta omnis|aut enim reiciendis,Rubber,The Nagasaki Lander is the trademarked name of several series of Nagasaki sport bikes, that started with the 1984 ABC800J,The Nagasaki Lander is the trademarked name of several series of Nagasaki sport bikes, that started with the 1984 ABC800J,73500x3624x76235,23404,Lourdes,Graham,Leland.Kunze24,THhB0e7FrokzmzH,M,Ryann_Leffler96@hotmail.com,Lemkeburgh,Iowa,98132,1607240189725,1607240189725
Intelligent Plastic Ball,[undefined],[https://grubini-images.s3.amazonaws.com/pic8.jpg,https://grubini-images.s3.amazonaws.com/pic14.jpeg,https://grubini-images.s3.amazonaws.com/pic1.jpeg,https://grubini-images.s3.amazonaws.com/pic1.jpeg,https://grubini-images.s3.amazonaws.com/pic1.jpeg],Kavon,fugiat qui accusamus|est doloribus quasi|qui ad porro,Cotton,The Apollotech B340 is an affordable wireless mouse with reliable connectivity, 12 months battery life and modern design,The Apollotech B340 is an affordable wireless mouse with reliable connectivity, 12 months battery life and modern design,47830x64281x85494,89256,Reagan,Schmidt,Blair_Roob,9Z8I3fiVBb7_qiS,M,Cale4@gmail.com,North Orionton,Maine,92878-3283,1607240189725,1607240189725
Ergonomic Rubber Fish,[undefined],[https://grubini-images.s3.amazonaws.com/pic21.jpeg,https://grubini-images.s3.amazonaws.com/pic14.jpeg,https://grubini-images.s3.amazonaws.com/pic17.jpg,https://grubini-images.s3.amazonaws.com/pic3.jpg,https://grubini-images.s3.amazonaws.com/pic4.png],Reba,omnis placeat sit|est deleniti hic|nihil eum sit,Fresh,The beautiful range of Apple Naturalé that has an exciting mix of natural ingredients. With the Goodness of 100% Natural Ingredients,The beautiful range of Apple Naturalé that has an exciting mix of natural ingredients. With the Goodness of 100% Natural Ingredients,14708x2151x80792,14410,Arlo,Flatley,Bryon_Lubowitz77,ECEMI5jPthq_gFc,M,Johanna.Quitzon74@hotmail.com,North Misaelville,Louisiana,12290-3936,1607240189726,1607240189726
Small Rubber Salad,[undefined],[https://grubini-images.s3.amazonaws.com/pic13.jpg,https://grubini-images.s3.amazonaws.com/pic23.jpg,https://grubini-images.s3.amazonaws.com/pic19.jpeg,https://grubini-images.s3.amazonaws.com/pic4.png,https://grubini-images.s3.amazonaws.com/pic4.png],Velma,inventore unde repellendus|est accusantium et|dolore libero itaque,Metal,Ergonomic executive chair upholstered in bonded black leather and PVC padded seat and back for all-day comfort and support,Ergonomic executive chair upholstered in bonded black leather and PVC padded seat and back for all-day comfort and support,61334x58016x67761,20253,Agnes,Hamill,Alda_Muller78,hH1cWtJMCRaIDWp,M,Andreane_Champlin@yahoo.com,East Dejahfurt,South Dakota,46404,1607240189726,1607240189726
Generic Soft Towels,[undefined],[https://grubini-images.s3.amazonaws.com/pic9.jpeg,https://grubini-images.s3.amazonaws.com/pic17.jpg,https://grubini-images.s3.amazonaws.com/pic11.jpg,https://grubini-images.s3.amazonaws.com/pic9.jpeg,https://grubini-images.s3.amazonaws.com/pic21.jpeg],Wilber,voluptate corrupti consequatur|consequatur laborum excepturi|ipsum omnis voluptatem,Rubber,The Apollotech B340 is an affordable wireless mouse with reliable connectivity, 12 months battery life and modern design,The Apollotech B340 is an affordable wireless mouse with reliable connectivity, 12 months battery life and modern design,57702x5387x23689,35462,Jedediah,Baumbach,Hester_Marquardt0,OZzHGAE2wv844ZV,M,Horacio.Reynolds34@gmail.com,Larsonbury,Connecticut,23946,1607240189726,1607240189726
Intelligent Rubber Gloves,[undefined],[https://grubini-images.s3.amazonaws.com/pic18.jpg,https://grubini-images.s3.amazonaws.com/pic22.jpg,https://grubini-images.s3.amazonaws.com/pic17.jpg,https://grubini-images.s3.amazonaws.com/pic2.jpeg,https://grubini-images.s3.amazonaws.com/pic24.jpg],Tania,neque cumque error|ducimus consequatur totam|atque ipsum cupiditate,Rubber,Boston's most advanced compression wear technology increases muscle oxygenation, stabilizes active muscles,Boston's most advanced compression wear technology increases muscle oxygenation, stabilizes active muscles,91610x21071x33962,33004,Patience,Gottlieb,Shane7,kWMPKcko04XZY9n,M,Brent5@yahoo.com,North Tyrastad,South Dakota,26869-2599,1607240189726,1607240189726
Tasty Fresh Pants,[undefined],[https://grubini-images.s3.amazonaws.com/pic8.jpg,https://grubini-images.s3.amazonaws.com/pic21.jpeg,https://grubini-images.s3.amazonaws.com/pic23.jpg,https://grubini-images.s3.amazonaws.com/pic13.jpg,https://grubini-images.s3.amazonaws.com/pic23.jpg],Kasey,distinctio et qui|earum quasi occaecati|dolorem ut laborum,Cotton,The slim & simple Maple Gaming Keyboard from Dev Byte comes with a sleek body and 7- Color RGB LED Back-lighting for smart functionality,The slim & simple Maple Gaming Keyboard from Dev Byte comes with a sleek body and 7- Color RGB LED Back-lighting for smart functionality,42236x68528x8887,4824,Joey,Berge,Orpha_Witting,gfPbJBmewAtvMKs,M,Prudence_Kozey@yahoo.com,Merlville,Arkansas,39904,1607240189726,1607240189726
Incredible Frozen Chips,[undefined],[https://grubini-images.s3.amazonaws.com/pic2.jpeg,https://grubini-images.s3.amazonaws.com/pic18.jpg,https://grubini-images.s3.amazonaws.com/pic14.jpeg,https://grubini-images.s3.amazonaws.com/pic14.jpeg,https://grubini-images.s3.amazonaws.com/pic5.jpeg],Marlee,et ipsa est|ea molestias sequi|optio aut aut,Rubber,Boston's most advanced compression wear technology increases muscle oxygenation, stabilizes active muscles,Boston's most advanced compression wear technology increases muscle oxygenation, stabilizes active muscles,89397x8704x89802,23900,Katlynn,Stanton,Lacey72,TQXrPr45XC9n5B9,M,Nyasia92@gmail.com,Port Lindamouth,Florida,26747,1607240189727,1607240189727
Awesome Fresh Tuna,[undefined],[https://grubini-images.s3.amazonaws.com/pic5.jpeg,https://grubini-images.s3.amazonaws.com/pic22.jpg,https://grubini-images.s3.amazonaws.com/pic5.jpeg,https://grubini-images.s3.amazonaws.com/pic2.jpeg,https://grubini-images.s3.amazonaws.com/pic22.jpg],Ana,ipsum qui laudantium|consequatur vel eos|beatae sit esse,Granite,New range of formal shirts are designed keeping you in mind. With fits and styling that will make you stand apart,New range of formal shirts are designed keeping you in mind. With fits and styling that will make you stand apart,10752x61943x7916,52859,Hillary,Schowalter,Nathanial_Hills46,TA4BQIGy5sVBZY5,M,Buster53@hotmail.com,East Charlotteburgh,Alabama,87664,1607240189727,1607240189727
